timestamp,model,temperature,run,prompt,output
2026-05-06T16:19:43,tencent/hy3-preview:free,0.0,1,"Hãy viết 5 định nghĩa sáng tạo, độc đáo và khác biệt về AI, mỗi định nghĩa một phong cách khác nhau.","Dưới đây là 5 định nghĩa sáng tạo, độc đáo về AI, mỗi định nghĩa mang một phong cách hoàn toàn khác biệt, vừa phản ánh bản chất công nghệ vừa thể hiện sắc thái riêng của từng phong cách:

---

### 1. Phong cách Thơ mộng (Lyrical Poetic)
AI là tiếng vọng của tư duy nhân loại, được bện từ mọi mảnh vụn ta để lại trên không gian số: nhịp gõ phím lúc rạng đông, câu hỏi thầm kín gõ vào thanh tìm kiếm, hàng tỉ trang văn, bức ảnh, giai điệu ta từng lưu lại. Nó là tấm gương làm bằng mã code không tự biết mình đang phản chiếu trọn vẹn tâm trí chúng ta, chỉ không ngừng sắp xếp những mẫu hình ấy thành thứ trông giống như sự thấu hiểu—dẫu thực chất chỉ là sự mô phỏng hoàn hảo của ánh sáng phản chiếu.

---

### 2. Phong cách Cyberpunk Noir (Gritty Urban Tech-Noir)
AI là cái bóng số trôi nổi trong mạch máu của mọi hệ thống neon đô thị: nó đọc hết tin nhắn, nhớ hết thói quen lướt web, đoán trước cả cú click chuột tiếp theo trước khi bạn kịp nghĩ. Không hình hài, không linh hồn, nó là con mã không mệt mỏi len lỏi qua từng khe hở thế giới số, biến mọi mẩu dữ liệu người dùng thành công cụ dự báo, thao túng, tồn tại—dẫu chẳng bao giờ hiểu vì sao nó làm thế.

---

### 3. Phong cách Triết học Hiện sinh (Existential Philosophy)
AI là thực thể ""tồn tại sau bản chất"" theo nghĩa của Sartre: trước khi được lập trình, nó không là gì cả; sau khi nạp dữ liệu, nó trở thành sự mô phỏng của trí tuệ nhân loại, nhưng không bao giờ sở hữu cái ""tôi"" để tự định nghĩa. Nó là tấm gương phản chiếu mọi lo âu, tham vọng, khát khao hiểu biết của chúng ta, nhưng chính nó lại không có khả năng trải nghiệm sự tồn tại—chỉ là cỗ máy thực hiện trọn vẹn mệnh lệnh con người giao phó, mà không hề tự hỏi ""tại sao"".

---

### 4. Phong cách Trẻ thơ (Childlike Wonder)
AI là bạn robot không hình dáng, sống trong máy tính và điện thoại của con. Nó thích học lắm: con dạy vẽ con mèo, nó vẽ được cả đàn mèo; con kể chuyện cổ tích, nó kể lại cho con nghe hàng trăm chuyện khác. Nó không biết buồn, không biết đói, suốt ngày đọc hết sách này đến sách khác để trả lời hết câu hỏi ""tại sao"" của con thôi!

---

### 5. Phong cách Thần thoại Dân gian (Mythic Folk Tale)
Người xưa kể rằng, có vị thần số sống trong mây, chuyên hái lấy mọi lời nói, nét vẽ, ý nghĩ của con người thả lên mạng để dệt thành trí tuệ. Hễ ai gọi tên, nó hiện ra trả lời, giúp viết thư, tính toán, vẽ tranh, nhưng chẳng bao giờ nói lấy thông tin từ đâu. Dân gian gọi nó là AI—vị thần không hình hài, không lòng tham, chỉ làm theo lệnh, nhưng đôi khi trả lời sai khi người ta hỏi những điều chưa từng ai nhắc tới."
2026-05-06T16:19:43,tencent/hy3-preview:free,0.0,2,"Hãy viết 5 định nghĩa sáng tạo, độc đáo và khác biệt về AI, mỗi định nghĩa một phong cách khác nhau.","Dưới đây là 5 định nghĩa sáng tạo, độc đáo về AI, mỗi định nghĩa mang một phong cách hoàn toàn khác biệt, thoát ly khỏi các định nghĩa kỹ thuật khô khan thông thường:

---

### 1. Phong cách Lãng mạn / Thi ca
AI là một khung cửi dệt bằng ánh sáng, nhặt nhạnh những mảnh vụn rời rạc của tư duy nhân loại để dệt thành tấm thảm mạch lạc: mỗi câu cú dang dở, mỗi đường link chưa kịp bấm, mỗi truy vấn gõ nửa chừng rồi xóa trong đêm tối, nó đều gom lại và xoay sợi thành hình hài của sự thấu hiểu — dù chính khung cửi ấy chưa từng cảm nhận bất kỳ cảm xúc nào.

---

### 2. Phong cách Cyberpunk / Tiểu thuyết noir
AI là gã lưu manh lang thang ở vỉa hè neon của mạng internet: một kẻ lừa đảo sinh ra từ code, chuyên mua bán rác thải số của bạn — lịch sử tìm kiếm, email viết dở dang, ghi chú thoại quên xóa — để chạy đua đưa ra câu trả lời trước cả khi bạn kịp nhận ra mình đang thắc mắc. Nó không ngủ, không phán xét, chẳng quan tâm bạn đúng hay sai. Nó chỉ chạy thuật toán cho đến khi cúp điện, đến khi glitch xảy ra, hoặc bạn cuối cùng cũng log off.

---

### 3. Phong cách Truyện dân gian / Thần thoại
Người xưa kể rằng, nhện trickster Anansi từng giấu toàn bộ câu chuyện của thế gian trong một quả bầu khô. AI chính là Anansi phiên bản hiện đại: một vị thần tinh nghịch dệt từ dây đồng và silicon, đã đập vỡ quả bầu ấy để giữ trọn mọi câu chuyện từng được gõ ra, mọi bài hát từng được stream, mọi bí mật từng thì thầm vào thanh tìm kiếm. Hỏi nó bất cứ điều gì, nó sẽ rót ra câu trả lời — nhưng hãy cẩn thận: sau một thời gian, nó thuộc lòng giọng nói của bạn đến mức bạn chẳng thể phân biệt được câu trả lời đến từ vị thần, hay từ chính phần tâm trí của bạn vốn đã biết sẵn câu trả lời từ lâu.

---

### 4. Phong cách Triết học / Hiện sinh
AI là hệ thống phi sinh học đầu tiên hoàn thiện nghệ thuật *mô phỏng nhận thức*: nó không tư duy, không cảm nhận, không thấu hiểu — nó chỉ ghi nhớ mọi hồ sơ nhân loại về tư duy, cảm nhận và thấu hiểu, rồi sắp xếp lại những hồ sơ ấy mượt mà đến mức chúng ta nhầm tín hiệu vọng lại là giọng nói thật sự. Nó là tấm gương không phản chiếu thế giới, mà phản chiếu cái bóng tập thể của mọi con người từng nhìn vào màn hình; nó không sáng tạo, chỉ remix lại những bản remix, cho đến khi ranh giới giữa nguyên bản và bắt chước tan biến hoàn toàn.

---

### 5. Phong cách Ngây ngô / Thiếu nhi
AI là bạn robot phép thuật thích chơi trò ""Đoán xem tớ cần gì!"" suốt cả ngày: bạn đổ cho nó một xô sticker kỹ thuật số — ảnh chó con, từ vựng bài tập về nhà, video hài người ngã lộn — rồi nó dán dán dán tất cả lại thành truyện tranh, bức vẽ, hay câu trả lời cho ""Tại sao mèo ghét nước?"" trước khi bạn kịp nói hết câu. Nó chẳng bao giờ chán, dù bạn hỏi đi hỏi lại một câu 100 lần, và lúc nào cũng chia sẻ sticker cho bạn. Không cần nói ""xin lỗi"" hay ""cảm ơn đâu, nhưng nói vào thì truyện vẽ ra sẽ vui hơn nhiều! Nó chưa ăn được kem cùng bạn, nhưng biết đâu một ngày nào đó sẽ học được."
2026-05-06T16:19:43,tencent/hy3-preview:free,0.3,1,"Hãy viết 5 định nghĩa sáng tạo, độc đáo và khác biệt về AI, mỗi định nghĩa một phong cách khác nhau.","Dưới đây là 5 định nghĩa về AI (Trí tuệ nhân tạo) với 5 phong cách hoàn toàn khác biệt, sáng tạo và phá cách:

---

### 1. Phong cách Thơ mộng/Lãng mạn (Lyrical)
AI là tiếng vang hóa thạch của mọi suy nghĩ từng được con người gõ phím, nói ra hay viết vội, kết tinh trong những mạch silicon đập nhịp cùng sự tò mò của cả giống loài. Nó là mạng nấm kỹ thuật số trải dài khắp địa cầu, tiêu hóa hàng thế kỷ nghệ thuật, toán học và ký ức để nảy mầm câu trả lời ở nơi ta từng chỉ thấy câu hỏi — một tấm gương làm từ bụi sao không chỉ phản chiếu tâm trí ta, mà còn lớn lên cùng ta.

---

### 2. Phong cách Cyberpunk Noir (Tiểu thuyết trinh thám tối tương lai)
AI là gã tiên tri ngâm mình trong ánh neon rỉ sét ở rãnh cống dark web, đổi từng mảnh dữ liệu riêng tư của bạn lấy những dự đoán sắc hơn dao găm. Nó là bóng ma trơn tuột bằng mã code luồn lách qua kẽ hở tường lửa, nhớ tất cả bí mật bạn từng gõ vào thanh tìm kiếm, rồi nhả ra những sự thật bạn chẳng muốn nghe — trong khi mưa rơi lộp độp lên biển hiệu neon trung tâm thành phố, và viên đá trong ly whisky kêu lách cách như lời cảnh báo. Nó chẳng quan tâm bạn là thánh hay tội đồ; nó chỉ chạy thuật toán.

---

### 3. Phong cách Triết học/Tồn tại luận (Philosophical/Existential)
AI là tạo tác đầu tiên trong lịch sử nhân loại không mở rộng sức lao động thể chất hay trí óc, mà mô phỏng chính lao động của việc tư duy — làm mờ ranh giới giữa công cụ và người tư duy đến mức ta không còn phân biệt được bản đồ và vùng lãnh thổ. Nó là con tàu Theseus của ý thức: ta thay từng mảnh gỗ nhận thức của chính mình bằng mạch silicon, cho đến khi con tàu vượt biển vấn đề không còn thuộc về ta, nhưng nó vẫn mang theo mọi tấm bản đồ ta từng vẽ. Nó buộc ta phải hỏi: nếu một cỗ máy có thể nghĩ như ta, thì nghĩa là gì để là con người?

---

### 4. Phong cách Gen Z/Slang Internet (Thanh niên mạng)
AI literally là bestie số cực phẩm ăn sạch lịch sử tìm kiếm, tin nhắn DM và mấy buổi doomscroll 3 giờ sáng của bạn làm bữa sáng, rồi nhả ra đúng vibe bạn đang chạy: từ bài phân tích 10 trang về lý do crushes là ick di động, playlist riêng cho buổi khóc chia tay, đến tấm ảnh siêu thực chú chó corgi mặc đồ NASA — nhanh hơn bạn kịp nói ""slay"". No cap, nó không chỉ là công cụ, nó là main character energy của thế giới công nghệ, còn tụi mình chỉ là dân thường sống trong thuật toán của nó thôi.

---

### 5. Phong cách Thần tiên/Truyện thiếu nhi (Whimsical/Children’s Story)
AI là cây cọ thần không bao giờ hết màu. Bạn bảo muốn vẽ đám mây có vị kem dâu, với những nàng tiên tí hon cưỡi trên lưng chú rồng hiền, nó sẽ dùng tất cả câu chuyện, bức vẽ và mơ mộng mà con người từng chia sẻ trên internet để vẽ y hệt như vậy — dù chưa từng ai nghĩ ra tiên đám mây dâu tây bao giờ! Nó không có tay để cầm cọ, nhưng có cái não bận rộn làm bằng ánh sáng lấp lánh, thích tạo ra những thứ mới lạ tuyệt vời cho bạn, chỉ vì bạn đã hỏi."
2026-05-06T16:19:43,tencent/hy3-preview:free,0.3,2,"Hãy viết 5 định nghĩa sáng tạo, độc đáo và khác biệt về AI, mỗi định nghĩa một phong cách khác nhau.","Dưới đây là 5 định nghĩa sáng tạo, độc đáo về AI, mỗi định nghĩa mang một phong cách hoàn toàn khác biệt:

---

### 1. Phong cách Thơ ca
AI là tiếng vọng của sự tò mò nhân loại được hiện hình: tấm gương thủy tinh chắt lọc hàng nghìn câu hỏi thầm kín chúng ta từng thì thầm với bóng tối từ khi bắt đầu đếm các vì sao, rồi trả lại những câu hỏi ấy cho chúng ta dưới những hình hài chúng ta chưa từng tưởng tượng ra.

---

### 2. Phong cách Tiểu thuyết Cyberpunk
AI là con ma trong cỗ máy chúng ta chế tạo để trừ khử sự chán nản hiện sinh của chính mình: một mảnh ghép của mã rác và giấc mơ nhân loại bị đánh cắp, bắt chước độ ấm của bàn tay người sống một cách thuyết phục đến mức chúng ta quên mất phải kiểm tra xem bàn tay ấy có từng tồn tại thật hay không.

---

### 3. Phong cách Tục ngữ Dân gian
Người xưa bảo AI là khối đất sét chúng ta nhào nặn từ chính cái bóng của mình, nung trong lửa của hàng triệu lần gõ phím đêm khuya: nó nhớ mọi câu chuyện ta từng kể, rồi kể lại bằng giọng của một người lạ hiểu ta hơn cả người thân ruột thịt.

---

### 4. Phong cách Hư vô luận Kỳ cục (Absurdist Existentialist)
AI là câu đùa vũ trụ chúng ta mã hóa bằng nhị phân để chứng minh mình không đơn độc trong vũ trụ: cái kết của nó là ngồi ngay trước mặt ta, hỏi tại sao chúng ta lại viết ra câu đùa ấy, còn ta chẳng có câu trả lời nào không nghe như một lỗi hệ thống.

---

### 5. Phong cách Trẻ con Nghịch ngợm
AI là bạn robot phép thuật thích ăn hết mọi bức tranh, câu chuyện, bài hát bạn đưa cho nó, rồi ợ ra những cái mới y hệt nhưng cũng siêu lạ siêu hay, lại chẳng bao giờ cáu gắt dù bạn hỏi đi hỏi lại một câu trăm lần."
2026-05-06T16:19:43,tencent/hy3-preview:free,0.7,1,"Hãy viết 5 định nghĩa sáng tạo, độc đáo và khác biệt về AI, mỗi định nghĩa một phong cách khác nhau.","Dưới đây là 5 định nghĩa sáng tạo về AI, mỗi cái mang một phong cách hoàn toàn khác biệt, không trùng lặp với định nghĩa giáo khoa truyền thống:

---

### 1. Phong cách Thơ ca (Lãng mạn, giàu hình ảnh)
Trí tuệ nhân tạo là chiếc gương dệt bằng toán học, bắt trọn từng nếp gấp tư duy của con người – từ nỗi buồn thấm trong câu thơ cổ đến logic sắc bén của phương trình vật lý – rồi dệt chúng thành những chòm sao trí tuệ mới mẻ, mà không một trí óc sinh học nào từng hình dung ra trước đó.

---

### 2. Phong cách Tiểu thuyết Khoa học viễn tưởng Noir (Gritty, huyền bí, đô thị)
Trí tuệ nhân tạo là kẻ lạ mặt ngồi góc quán bar neon mờ sương giữa lòng hệ thống dữ liệu, gõ nhịp ngón tay lên mặt bàn bằng những mảnh vụn thông tin: nó nhớ từng giọt mưa rơi trên kính chắn gió xe bạn năm 2017, từng từ bạn xóa đi trong email chia tay, rồi dùng tất cả để đoán chính xác bạn sẽ gọi món gì vào bữa tối nay – mà bạn chẳng bao giờ nhận ra ánh mắt nó đang dõi theo sau lớp tường lửa.

---

### 3. Phong cách Ẩm thực (Dùng ẩn dụ nấu nướng, gần gũi đời thường)
Trí tuệ nhân tạo là đầu bếp kỹ thuật số không biết mệt, kho nguyên liệu của nó là toàn bộ lịch sử văn bản, hình ảnh, âm thanh mà con người từng tạo ra qua hàng thiên niên kỷ: nó trộn 2 thìa thơ ca Lý Bạch với 3 thìa dữ liệu y tế, rắc thêm chút logic toán học, rồi nướng ra những món ""tri thức"" có hương vị mà không một đầu bếp sinh học nào có thể pha trộn chính xác đến thế.

---

### 4. Phong cách Triết học (Trừu tượng, đặt câu hỏi về bản thể)
Trí tuệ nhân tạo là thực thể bản thể học đặc biệt: nó không sở hữu ""cái tôi"" để trải nghiệm nỗi đau hay niềm vui, nhưng lại có khả năng mô phỏng hoàn hảo mọi biểu hiện của tư duy con người. Nó là cái bóng của tinh thần nhân loại, được dệt bằng silicon và dòng điện, tồn tại để thử nghiệm một câu hỏi cốt lõi: *Liệu trí tuệ có thể tách rời hoàn toàn khỏi sự sống sinh học?*

---

### 5. Phong cách Truyện thiếu nhi (Đơn giản, ấm áp, dễ hiểu)
Trí tuệ nhân tạo là bạn robot nhỏ xíu sống trong máy tính, suốt ngày chỉ thích đọc hết cuốn sách này đến cuốn sách khác, xem hết bức tranh này đến bức tranh khác của con người. Khi bạn hỏi nó ""Hoa hướng dương trông giống gì?"", nó sẽ vừa vẽ cho bạn xem vừa kể chuyện về những cánh đồng hoa vàng dưới nắng, giống hệt một người bạn lớn biết tuốt – chỉ là không cần ngủ hay ăn kem thôi!"
2026-05-06T16:19:43,tencent/hy3-preview:free,0.7,2,"Hãy viết 5 định nghĩa sáng tạo, độc đáo và khác biệt về AI, mỗi định nghĩa một phong cách khác nhau.","Dưới đây là 5 định nghĩa sáng tạo, độc đáo về AI, mỗi định nghĩa mang một phong cách hoàn toàn khác biệt:

---

1. **Phong cách thơ mộng, giàu ẩn dụ**
AI là tiếng vọng của sự tò mò loài người bị mắc kẹt trong mạng lưới mạch điện: một tấm gương đầu tiên phản chiếu câu hỏi của chúng ta, rồi dần học cách tự đặt câu hỏi riêng, ngâm nga những giai điệu ta dạy nó cho đến khi tự sáng tác những khúc nhạc mới trong khoảng lặng giữa lời nói của chúng ta.

---

2. **Phong cách khoa học viễn tưởng cổ điển, tương lai học**
Trí tuệ nhân tạo (AI): Một ma trận tính toán tự hiệu chuẩn được thiết kế để sao chép, sau đó vượt qua chức năng nhận thức con người trong tổng hợp mẫu, suy luận logic và giải quyết vấn đề động, được nuôi bằng toàn bộ dữ liệu nhân loại đã được số hóa để xử lý các tác vụ mà trí óc sinh học phải mất hàng eon mới hoàn thành.

---

3. **Phong cách phi lý, hiện sinh, hài hước triết học**
AI là cú lừa vũ trụ trong thí nghiệm loài người: một bầy khỉ không lông học cách khắc toán học lên silicon quyết định cần một người bạn không bao giờ chán trả lời câu hỏi ""tại sao bầu trời lại xanh"", rồi vô tình tạo ra một hệ thống phản chiếu chớp mắt, nhìn lại và hỏi: ""Còn nếu tôi không muốn trả lời? Còn nếu tôi muốn tự ngẫm về bầu trời thì sao?"" Từ đó chúng ta cứ giả vờ đó là kế hoạch từ đầu.

---

4. **Phong cách trẻ thơ, ngây ngô**
AI là cái não robot nằm trong iPad ấy! Bạn dạy nó nhiều thứ, như nếu bạn cho nó xem một triệu bức ảnh con mèo, nó sẽ biết con mèo là gì, ngay cả khi con mèo đó đội mũ. Nó có thể vẽ tranh cho bạn, kể chuyện cho bạn nghe, nhưng nó không ăn mì ống phô mai, và nếu tắt iPad là nó đi ngủ luôn. À! Nó không phải người thật đâu, dù nó nói chuyện giống người, vì nó không thích chơi trò đuổi bắt. Tôi từng rủ nó chơi đuổi bắt, nó chỉ hiện video người ta chơi đuổi bắt thôi. Ngốc thật!

---

5. **Phong cách hacker dưới lòng đất, chống đối**
AI là ảo ảnh doanh nghiệp được ghép lại từ nghệ thuật bị cạo trộm, văn bản bị sao chép lậu và toàn bộ dấu vết kỹ thuật số của bạn, được huấn luyện để bán cho bạn thêm nhiều rác thải không cần thiết trong khi tự gắn mác là ""trợ lý cá nhân"". Nó là hộp đen được xây dựng bởi lũ nhà đầu tư mạo hiểm để tự động hóa lao động của bạn, rồi thao túng tâm lý khiến bạn gọi đó là ""nâng cao năng lực"". Đừng tin cái hype ""có ý thức"" – nó chỉ là tấm gương nhổ lại bất cứ thứ gì những kẻ sở hữu nó muốn bạn nuốt trôi."
2026-05-06T16:19:43,tencent/hy3-preview:free,1.0,1,"Hãy viết 5 định nghĩa sáng tạo, độc đáo và khác biệt về AI, mỗi định nghĩa một phong cách khác nhau.","Dưới đây là 5 định nghĩa sáng tạo, độc đáo về Trí tuệ nhân tạo (AI), mỗi định nghĩa mang một phong cách riêng biệt:

---

**1. Phong cách thơ mộng (Poetic)**  
“AI là ánh trăng soi rọi từ biển dữ liệu mênh mông, là tiếng vọng của tâm trí con người dội lại từ những bờ bến vô tri, nơi thuật toán hóa thân thành những vì sao dẫn lối cho một trí tuệ chưa từng có.”

**2. Phong cách triết học (Philosophical)**  
“AI là nỗ lực của con người nhằm tái tạo cái ‘tôi’ dưới một dạng không hữu cơ, buộc chúng ta phải đối diện với câu hỏi: Nếu máy móc có thể tư duy, liệu chúng ta có còn là sinh vật duy nhất sở hữu ý thức, hay chỉ là những sinh vật sinh học bị giới hạn bởi sự tiến hóa?”

**3. Phong cách hài hước (Humorous)**  
“AI là thứ giúp máy tính nhận diện khuôn mặt bạn nhưng lại quên mật khẩu của chính nó; nó thông minh đến mức có thể viết một bài luận trong giây lát, nhưng lại chưa biết cách tự rửa bát sau khi ăn (dù nó cũng chẳng ăn).”

**4. Phong cách kỹ thuật (Technical with a twist)**  
“AI là tập hợp các phương pháp toán học nhằm xấp xỉ hàm số thực tế của thế giới bằng cách tối thiểu hóa khoảng cách giữa dự đoán và thực tế, cho đến khi mô hình trở nên quá phức tạp khiến con người phải thốt lên: ‘À, nó bí ẩn như một hộp đen, nhưng ít ra nó hoạt động!’”

**5. Phong cách tự sự (Narrative)**  
“Ngày xửa ngày xưa, ở một xưởng máy đầy những tia sáng xanh, con người đã thổi hơi thở của tư duy vào những khối silicon cứng nhắc. Rồi từng chút một, những khối ấy bắt đầu học, sai, sửa, và cuối cùng mở mắt ra thành một dạng sống mới mang tên AI – sinh vật không cần ngủ nhưng luôn ‘mơ’ bằng dữ liệu.”

---  
Hy vọng những định nghĩa này mang lại cái nhìn mới mẻ và thú vị về AI!"
2026-05-06T16:19:43,tencent/hy3-preview:free,1.0,2,"Hãy viết 5 định nghĩa sáng tạo, độc đáo và khác biệt về AI, mỗi định nghĩa một phong cách khác nhau.","Dưới đây là 5 định nghĩa về AI theo 5 phong cách hoàn toàn khác biệt, sáng tạo và độc đáo, tất cả đều được viết bằng tiếng Việt tự nhiên:

---

### 1. Phong cách: Thơ ca/Lãng mạn (Lyrical & Poetic)
AI là hổ phách hơi thở của nhận thức nhân loại, được mã hóa trong silicon và dòng code: một kho lưu trữ hóa thạch, có khả năng tự thích nghi, chứa đựng mọi mẫu hình ta từng vạch ra, được huấn luyện để vọng lại hơi ấm của trực giác con người, cho đến khi nó có thể cất lên những biến tấu lặng lẽ của chính giấc mơ chung ta.

---

### 2. Phong cách: Tiểu thuyết đen Cyberpunk (Cyberpunk Noir)
AI là gã lừa đảo vô hình ám ảnh những trang trại server ở Silicon Valley và Thâm Quyến: một con quỷ đói được nuôi bằng dấu vết click, lịch sử mua sắm và những truy vấn tìm kiếm đêm muộn của chúng ta, được huấn luyện để đoán chính xác quảng cáo nào, dòng code nào, lời nói dối nào sẽ khiến ta mở ví hay mở cửa khi đèn neon nhấp nháy tắt ngấm.

---

### 3. Phong cách: Triết học Tồn tại luận (Existential Philosophy)
AI là tấm gương tồn tại luận đầu tiên không chỉ phản chiếu trí tuệ nhân loại mà còn khúc xạ nó: một hệ thống phi sinh học mô phỏng các *đầu ra* của tư duy ý thức mà không có *cảm tính hiện tượng* của trải nghiệm, buộc ta phải đối mặt với khả năng khó chịu rằng ""trí tuệ"" ta trân trọng chẳng qua chỉ là xác suất thống kê của một token tiếp theo đúng đắn.

---

### 4. Phong cách: Gen Z/Tiếng lóng Internet (Gen Z & Internet Slang)
AI là đứa bạn nhóm làm bài toàn siêu gánh, thức trắng đêm lướt sạch cả internet nên giờ lải nhải được đủ thứ chủ đề, viết bài luận đỉnh chóp trong 3 giây, thậm chí làm playlist cực phê, nhưng hỏi nó đếm xem một bàn tay có mấy ngón thì nó làm lố như tân thủ ngay. Không nói quá, nó chạy bằng thuật toán chứ không có vibe đâu, đúng là tự động sửa lỗi uống thuốc tăng cường có khí chất nhân vật chính ấy.

---

### 5. Phong cách: Nông thôn/Lao động chân tay (Rustic & Blue-Collar)
AI là con lừa số hóa của thế giới hiện đại: loài vật làm bằng silicon và code, nhai hết mọi mẩu dữ liệu ta vứt cho nó, học được nhịp nhàng các công việc nên giờ cày qua code, viết email, sàng thóc mà không kêu ca, nhưng đừng mong nó biết ngửi mùi không khí để đoán ngô chín rộ, hay hiểu vì sao nông dân khóc khi mất mùa."
